Date,SP500
23/07/2012,1350.52
24/07/2012,1338.31
25/07/2012,1337.89
26/07/2012,1360.02
27/07/2012,1385.97
30/07/2012,1385.3
31/07/2012,1379.32
01/08/2012,1375.14
02/08/2012,1365
03/08/2012,1390.99
06/08/2012,1394.23
07/08/2012,1401.35
08/08/2012,1402.22
09/08/2012,1402.8
10/08/2012,1405.87
13/08/2012,1404.11
14/08/2012,1403.93
15/08/2012,1405.53
16/08/2012,1415.51
17/08/2012,1418.16
20/08/2012,1418.13
21/08/2012,1413.17
22/08/2012,1413.49
23/08/2012,1402.08
24/08/2012,1411.13
27/08/2012,1410.44
28/08/2012,1409.3
29/08/2012,1410.49
30/08/2012,1399.48
31/08/2012,1406.58
03/09/2012,.
04/09/2012,1404.94
05/09/2012,1403.44
06/09/2012,1432.12
07/09/2012,1437.92
10/09/2012,1429.08
11/09/2012,1433.56
12/09/2012,1436.56
13/09/2012,1459.99
14/09/2012,1465.77
17/09/2012,1461.19
18/09/2012,1459.32
19/09/2012,1461.05
20/09/2012,1460.26
21/09/2012,1460.15
24/09/2012,1456.89
25/09/2012,1441.59
26/09/2012,1433.32
27/09/2012,1447.15
28/09/2012,1440.67
01/10/2012,1444.49
02/10/2012,1445.75
03/10/2012,1450.99
04/10/2012,1461.4
05/10/2012,1460.93
08/10/2012,1455.88
09/10/2012,1441.48
10/10/2012,1432.56
11/10/2012,1432.84
12/10/2012,1428.59
15/10/2012,1440.13
16/10/2012,1454.92
17/10/2012,1460.91
18/10/2012,1457.34
19/10/2012,1433.19
22/10/2012,1433.82
23/10/2012,1413.11
24/10/2012,1408.75
25/10/2012,1412.97
26/10/2012,1411.94
29/10/2012,.
30/10/2012,.
31/10/2012,1412.16
01/11/2012,1427.59
02/11/2012,1414.2
05/11/2012,1417.26
06/11/2012,1428.39
07/11/2012,1394.53
08/11/2012,1377.51
09/11/2012,1379.85
12/11/2012,1380.03
13/11/2012,1374.53
14/11/2012,1355.49
15/11/2012,1353.33
16/11/2012,1359.88
19/11/2012,1386.89
20/11/2012,1387.81
21/11/2012,1391.03
22/11/2012,.
23/11/2012,1409.15
26/11/2012,1406.29
27/11/2012,1398.94
28/11/2012,1409.93
29/11/2012,1415.95
30/11/2012,1416.18
03/12/2012,1409.46
04/12/2012,1407.05
05/12/2012,1409.28
06/12/2012,1413.94
07/12/2012,1418.07
10/12/2012,1418.55
11/12/2012,1427.84
12/12/2012,1428.48
13/12/2012,1419.45
14/12/2012,1413.58
17/12/2012,1430.36
18/12/2012,1446.79
19/12/2012,1435.81
20/12/2012,1443.69
21/12/2012,1430.15
24/12/2012,1426.66
25/12/2012,.
26/12/2012,1419.83
27/12/2012,1418.1
28/12/2012,1402.43
31/12/2012,1426.19
01/01/2013,.
02/01/2013,1462.42
03/01/2013,1459.37
04/01/2013,1466.47
07/01/2013,1461.89
08/01/2013,1457.15
09/01/2013,1461.02
10/01/2013,1472.12
11/01/2013,1472.05
14/01/2013,1470.68
15/01/2013,1472.34
16/01/2013,1472.63
17/01/2013,1480.94
18/01/2013,1485.98
21/01/2013,.
22/01/2013,1492.56
23/01/2013,1494.81
24/01/2013,1494.82
25/01/2013,1502.96
28/01/2013,1500.18
29/01/2013,1507.84
30/01/2013,1501.96
31/01/2013,1498.11
01/02/2013,1513.17
04/02/2013,1495.71
05/02/2013,1511.29
06/02/2013,1512.12
07/02/2013,1509.39
08/02/2013,1517.93
11/02/2013,1517.01
12/02/2013,1519.43
13/02/2013,1520.33
14/02/2013,1521.38
15/02/2013,1519.79
18/02/2013,.
19/02/2013,1530.94
20/02/2013,1511.95
21/02/2013,1502.42
22/02/2013,1515.6
25/02/2013,1487.85
26/02/2013,1496.94
27/02/2013,1515.99
28/02/2013,1514.68
01/03/2013,1518.2
04/03/2013,1525.2
05/03/2013,1539.79
06/03/2013,1541.46
07/03/2013,1544.26
08/03/2013,1551.18
11/03/2013,1556.22
12/03/2013,1552.48
13/03/2013,1554.52
14/03/2013,1563.23
15/03/2013,1560.7
18/03/2013,1552.1
19/03/2013,1548.34
20/03/2013,1558.71
21/03/2013,1545.8
22/03/2013,1556.89
25/03/2013,1551.69
26/03/2013,1563.77
27/03/2013,1562.85
28/03/2013,1569.19
29/03/2013,.
01/04/2013,1562.17
02/04/2013,1570.25
03/04/2013,1553.69
04/04/2013,1559.98
05/04/2013,1553.28
08/04/2013,1563.07
09/04/2013,1568.61
10/04/2013,1587.73
11/04/2013,1593.37
12/04/2013,1588.85
15/04/2013,1552.36
16/04/2013,1574.57
17/04/2013,1552.01
18/04/2013,1541.61
19/04/2013,1555.25
22/04/2013,1562.5
23/04/2013,1578.78
24/04/2013,1578.79
25/04/2013,1585.16
26/04/2013,1582.24
29/04/2013,1593.61
30/04/2013,1597.57
01/05/2013,1582.7
02/05/2013,1597.59
03/05/2013,1614.42
06/05/2013,1617.5
07/05/2013,1625.96
08/05/2013,1632.69
09/05/2013,1626.67
10/05/2013,1633.7
13/05/2013,1633.77
14/05/2013,1650.34
15/05/2013,1658.78
16/05/2013,1650.47
17/05/2013,1667.47
20/05/2013,1666.29
21/05/2013,1669.16
22/05/2013,1655.35
23/05/2013,1650.51
24/05/2013,1649.6
27/05/2013,.
28/05/2013,1660.06
29/05/2013,1648.36
30/05/2013,1654.41
31/05/2013,1630.74
03/06/2013,1640.42
04/06/2013,1631.38
05/06/2013,1608.9
06/06/2013,1622.56
07/06/2013,1643.38
10/06/2013,1642.81
11/06/2013,1626.13
12/06/2013,1612.52
13/06/2013,1636.36
14/06/2013,1626.73
17/06/2013,1639.04
18/06/2013,1651.81
19/06/2013,1628.93
20/06/2013,1588.19
21/06/2013,1592.43
24/06/2013,1573.09
25/06/2013,1588.03
26/06/2013,1603.26
27/06/2013,1613.2
28/06/2013,1606.28
01/07/2013,1614.96
02/07/2013,1614.08
03/07/2013,1615.41
04/07/2013,.
05/07/2013,1631.89
08/07/2013,1640.46
09/07/2013,1652.32
10/07/2013,1652.62
11/07/2013,1675.02
12/07/2013,1680.19
15/07/2013,1682.5
16/07/2013,1676.26
17/07/2013,1680.91
18/07/2013,1689.37
19/07/2013,1692.09
22/07/2013,1695.53
23/07/2013,1692.39
24/07/2013,1685.94
25/07/2013,1690.25
26/07/2013,1691.65
29/07/2013,1685.33
30/07/2013,1685.96
31/07/2013,1685.73
01/08/2013,1706.87
02/08/2013,1709.67
05/08/2013,1707.14
06/08/2013,1697.37
07/08/2013,1690.91
08/08/2013,1697.48
09/08/2013,1691.42
12/08/2013,1689.47
13/08/2013,1694.16
14/08/2013,1685.39
15/08/2013,1661.32
16/08/2013,1655.83
19/08/2013,1646.06
20/08/2013,1652.35
21/08/2013,1642.8
22/08/2013,1656.96
23/08/2013,1663.5
26/08/2013,1656.78
27/08/2013,1630.48
28/08/2013,1634.96
29/08/2013,1638.17
30/08/2013,1632.97
02/09/2013,.
03/09/2013,1639.77
04/09/2013,1653.08
05/09/2013,1655.08
06/09/2013,1655.17
09/09/2013,1671.71
10/09/2013,1683.99
11/09/2013,1689.13
12/09/2013,1683.42
13/09/2013,1687.99
16/09/2013,1697.6
17/09/2013,1704.76
18/09/2013,1725.52
19/09/2013,1722.34
20/09/2013,1709.91
23/09/2013,1701.84
24/09/2013,1697.42
25/09/2013,1692.77
26/09/2013,1698.67
27/09/2013,1691.75
30/09/2013,1681.55
01/10/2013,1695
02/10/2013,1693.87
03/10/2013,1678.66
04/10/2013,1690.5
07/10/2013,1676.12
08/10/2013,1655.45
09/10/2013,1656.4
10/10/2013,1692.56
11/10/2013,1703.2
14/10/2013,1710.14
15/10/2013,1698.06
16/10/2013,1721.54
17/10/2013,1733.15
18/10/2013,1744.5
21/10/2013,1744.66
22/10/2013,1754.67
23/10/2013,1746.38
24/10/2013,1752.07
25/10/2013,1759.77
28/10/2013,1762.11
29/10/2013,1771.95
30/10/2013,1763.31
31/10/2013,1756.54
01/11/2013,1761.64
04/11/2013,1767.93
05/11/2013,1762.97
06/11/2013,1770.49
07/11/2013,1747.15
08/11/2013,1770.61
11/11/2013,1771.89
12/11/2013,1767.69
13/11/2013,1782
14/11/2013,1790.62
15/11/2013,1798.18
18/11/2013,1791.53
19/11/2013,1787.87
20/11/2013,1781.37
21/11/2013,1795.85
22/11/2013,1804.76
25/11/2013,1802.48
26/11/2013,1802.75
27/11/2013,1807.23
28/11/2013,.
29/11/2013,1805.81
02/12/2013,1800.9
03/12/2013,1795.15
04/12/2013,1792.81
05/12/2013,1785.03
06/12/2013,1805.09
09/12/2013,1808.37
10/12/2013,1802.62
11/12/2013,1782.22
12/12/2013,1775.5
13/12/2013,1775.32
16/12/2013,1786.54
17/12/2013,1781
18/12/2013,1810.65
19/12/2013,1809.6
20/12/2013,1818.32
23/12/2013,1827.99
24/12/2013,1833.32
25/12/2013,.
26/12/2013,1842.02
27/12/2013,1841.4
30/12/2013,1841.07
31/12/2013,1848.36
01/01/2014,.
02/01/2014,1831.98
03/01/2014,1831.37
06/01/2014,1826.77
07/01/2014,1837.88
08/01/2014,1837.49
09/01/2014,1838.13
10/01/2014,1842.37
13/01/2014,1819.2
14/01/2014,1838.88
15/01/2014,1848.38
16/01/2014,1845.89
17/01/2014,1838.7
20/01/2014,.
21/01/2014,1843.8
22/01/2014,1844.86
23/01/2014,1828.46
24/01/2014,1790.29
27/01/2014,1781.56
28/01/2014,1792.5
29/01/2014,1774.2
30/01/2014,1794.19
31/01/2014,1782.59
03/02/2014,1741.89
04/02/2014,1755.2
05/02/2014,1751.64
06/02/2014,1773.43
07/02/2014,1797.02
10/02/2014,1799.84
11/02/2014,1819.75
12/02/2014,1819.26
13/02/2014,1829.83
14/02/2014,1838.63
17/02/2014,.
18/02/2014,1840.76
19/02/2014,1828.75
20/02/2014,1839.78
21/02/2014,1836.25
24/02/2014,1847.61
25/02/2014,1845.12
26/02/2014,1845.16
27/02/2014,1854.29
28/02/2014,1859.45
03/03/2014,1845.73
04/03/2014,1873.91
05/03/2014,1873.81
06/03/2014,1877.03
07/03/2014,1878.04
10/03/2014,1877.17
11/03/2014,1867.63
12/03/2014,1868.2
13/03/2014,1846.34
14/03/2014,1841.13
17/03/2014,1858.83
18/03/2014,1872.25
19/03/2014,1860.77
20/03/2014,1872.01
21/03/2014,1866.52
24/03/2014,1857.44
25/03/2014,1865.62
26/03/2014,1852.56
27/03/2014,1849.04
28/03/2014,1857.62
31/03/2014,1872.34
01/04/2014,1885.52
02/04/2014,1890.9
03/04/2014,1888.77
04/04/2014,1865.09
07/04/2014,1845.04
08/04/2014,1851.96
09/04/2014,1872.18
10/04/2014,1833.08
11/04/2014,1815.69
14/04/2014,1830.61
15/04/2014,1842.98
16/04/2014,1862.31
17/04/2014,1864.85
18/04/2014,.
21/04/2014,1871.89
22/04/2014,1879.55
23/04/2014,1875.39
24/04/2014,1878.61
25/04/2014,1863.4
28/04/2014,1869.43
29/04/2014,1878.33
30/04/2014,1883.95
01/05/2014,1883.68
02/05/2014,1881.14
05/05/2014,1884.66
06/05/2014,1867.72
07/05/2014,1878.21
08/05/2014,1875.63
09/05/2014,1878.48
12/05/2014,1896.65
13/05/2014,1897.45
14/05/2014,1888.53
15/05/2014,1870.85
16/05/2014,1877.86
19/05/2014,1885.08
20/05/2014,1872.83
21/05/2014,1888.03
22/05/2014,1892.49
23/05/2014,1900.53
26/05/2014,.
27/05/2014,1911.91
28/05/2014,1909.78
29/05/2014,1920.03
30/05/2014,1923.57
02/06/2014,1924.97
03/06/2014,1924.24
04/06/2014,1927.88
05/06/2014,1940.46
06/06/2014,1949.44
09/06/2014,1951.27
10/06/2014,1950.79
11/06/2014,1943.89
12/06/2014,1930.11
13/06/2014,1936.16
16/06/2014,1937.78
17/06/2014,1941.99
18/06/2014,1956.98
19/06/2014,1959.48
20/06/2014,1962.87
23/06/2014,1962.61
24/06/2014,1949.98
25/06/2014,1959.53
26/06/2014,1957.22
27/06/2014,1960.96
30/06/2014,1960.23
01/07/2014,1973.32
02/07/2014,1974.62
03/07/2014,1985.44
04/07/2014,.
07/07/2014,1977.65
08/07/2014,1963.71
09/07/2014,1972.83
10/07/2014,1964.68
11/07/2014,1967.57
14/07/2014,1977.1
15/07/2014,1973.28
16/07/2014,1981.57
17/07/2014,1958.12
18/07/2014,1978.22
21/07/2014,1973.63
22/07/2014,1983.53
23/07/2014,1987.01
24/07/2014,1987.98
25/07/2014,1978.34
28/07/2014,1978.91
29/07/2014,1969.95
30/07/2014,1970.07
31/07/2014,1930.67
01/08/2014,1925.15
04/08/2014,1938.99
05/08/2014,1920.21
06/08/2014,1920.24
07/08/2014,1909.57
08/08/2014,1931.59
11/08/2014,1936.92
12/08/2014,1933.75
13/08/2014,1946.72
14/08/2014,1955.18
15/08/2014,1955.06
18/08/2014,1971.74
19/08/2014,1981.6
20/08/2014,1986.51
21/08/2014,1992.37
22/08/2014,1988.4
25/08/2014,1997.92
26/08/2014,2000.02
27/08/2014,2000.12
28/08/2014,1996.74
29/08/2014,2003.37
01/09/2014,.
02/09/2014,2002.28
03/09/2014,2000.72
04/09/2014,1997.65
05/09/2014,2007.71
08/09/2014,2001.54
09/09/2014,1988.44
10/09/2014,1995.69
11/09/2014,1997.45
12/09/2014,1985.54
15/09/2014,1984.13
16/09/2014,1998.98
17/09/2014,2001.57
18/09/2014,2011.36
19/09/2014,2010.4
22/09/2014,1994.29
23/09/2014,1982.77
24/09/2014,1998.3
25/09/2014,1965.99
26/09/2014,1982.85
29/09/2014,1977.8
30/09/2014,1972.29
01/10/2014,1946.16
02/10/2014,1946.17
03/10/2014,1967.9
06/10/2014,1964.82
07/10/2014,1935.1
08/10/2014,1968.89
09/10/2014,1928.21
10/10/2014,1906.13
13/10/2014,1874.74
14/10/2014,1877.7
15/10/2014,1862.49
16/10/2014,1862.76
17/10/2014,1886.76
20/10/2014,1904.01
21/10/2014,1941.28
22/10/2014,1927.11
23/10/2014,1950.82
24/10/2014,1964.58
27/10/2014,1961.63
28/10/2014,1985.05
29/10/2014,1982.3
30/10/2014,1994.65
31/10/2014,2018.05
03/11/2014,2017.81
04/11/2014,2012.1
05/11/2014,2023.57
06/11/2014,2031.21
07/11/2014,2031.92
10/11/2014,2038.26
11/11/2014,2039.68
12/11/2014,2038.25
13/11/2014,2039.33
14/11/2014,2039.82
17/11/2014,2041.32
18/11/2014,2051.8
19/11/2014,2048.72
20/11/2014,2052.75
21/11/2014,2063.5
24/11/2014,2069.41
25/11/2014,2067.03
26/11/2014,2072.83
27/11/2014,.
28/11/2014,2067.56
01/12/2014,2053.44
02/12/2014,2066.55
03/12/2014,2074.33
04/12/2014,2071.92
05/12/2014,2075.37
08/12/2014,2060.31
09/12/2014,2059.82
10/12/2014,2026.14
11/12/2014,2035.33
12/12/2014,2002.33
15/12/2014,1989.63
16/12/2014,1972.74
17/12/2014,2012.89
18/12/2014,2061.23
19/12/2014,2070.65
22/12/2014,2078.54
23/12/2014,2082.17
24/12/2014,2081.88
25/12/2014,.
26/12/2014,2088.77
29/12/2014,2090.57
30/12/2014,2080.35
31/12/2014,2058.9
01/01/2015,.
02/01/2015,2058.2
05/01/2015,2020.58
06/01/2015,2002.61
07/01/2015,2025.9
08/01/2015,2062.14
09/01/2015,2044.81
12/01/2015,2028.26
13/01/2015,2023.03
14/01/2015,2011.27
15/01/2015,1992.67
16/01/2015,2019.42
19/01/2015,.
20/01/2015,2022.55
21/01/2015,2032.12
22/01/2015,2063.15
23/01/2015,2051.82
26/01/2015,2057.09
27/01/2015,2029.55
28/01/2015,2002.16
29/01/2015,2021.25
30/01/2015,1994.99
02/02/2015,2020.85
03/02/2015,2050.03
04/02/2015,2041.51
05/02/2015,2062.52
06/02/2015,2055.47
09/02/2015,2046.74
10/02/2015,2068.59
11/02/2015,2068.53
12/02/2015,2088.48
13/02/2015,2096.99
16/02/2015,.
17/02/2015,2100.34
18/02/2015,2099.68
19/02/2015,2097.45
20/02/2015,2110.3
23/02/2015,2109.66
24/02/2015,2115.48
25/02/2015,2113.86
26/02/2015,2110.74
27/02/2015,2104.5
02/03/2015,2117.39
03/03/2015,2107.78
04/03/2015,2098.53
05/03/2015,2101.04
06/03/2015,2071.26
09/03/2015,2079.43
10/03/2015,2044.16
11/03/2015,2040.24
12/03/2015,2065.95
13/03/2015,2053.4
16/03/2015,2081.19
17/03/2015,2074.28
18/03/2015,2099.5
19/03/2015,2089.27
20/03/2015,2108.1
23/03/2015,2104.42
24/03/2015,2091.5
25/03/2015,2061.05
26/03/2015,2056.15
27/03/2015,2061.02
30/03/2015,2086.24
31/03/2015,2067.89
01/04/2015,2059.69
02/04/2015,2066.96
03/04/2015,.
06/04/2015,2080.62
07/04/2015,2076.33
08/04/2015,2081.9
09/04/2015,2091.18
10/04/2015,2102.06
13/04/2015,2092.43
14/04/2015,2095.84
15/04/2015,2106.63
16/04/2015,2104.99
17/04/2015,2081.18
20/04/2015,2100.4
21/04/2015,2097.29
22/04/2015,2107.96
23/04/2015,2112.93
24/04/2015,2117.69
27/04/2015,2108.92
28/04/2015,2114.76
29/04/2015,2106.85
30/04/2015,2085.51
01/05/2015,2108.29
04/05/2015,2114.49
05/05/2015,2089.46
06/05/2015,2080.15
07/05/2015,2088
08/05/2015,2116.1
11/05/2015,2105.33
12/05/2015,2099.12
13/05/2015,2098.48
14/05/2015,2121.1
15/05/2015,2122.73
18/05/2015,2129.2
19/05/2015,2127.83
20/05/2015,2125.85
21/05/2015,2130.82
22/05/2015,2126.06
25/05/2015,.
26/05/2015,2104.2
27/05/2015,2123.48
28/05/2015,2120.79
29/05/2015,2107.39
01/06/2015,2111.73
02/06/2015,2109.6
03/06/2015,2114.07
04/06/2015,2095.84
05/06/2015,2092.83
08/06/2015,2079.28
09/06/2015,2080.15
10/06/2015,2105.2
11/06/2015,2108.86
12/06/2015,2094.11
15/06/2015,2084.43
16/06/2015,2096.29
17/06/2015,2100.44
18/06/2015,2121.24
19/06/2015,2109.99
22/06/2015,2122.85
23/06/2015,2124.2
24/06/2015,2108.58
25/06/2015,2102.31
26/06/2015,2101.49
29/06/2015,2057.64
30/06/2015,2063.11
01/07/2015,2077.42
02/07/2015,2076.78
03/07/2015,.
06/07/2015,2068.76
07/07/2015,2081.34
08/07/2015,2046.68
09/07/2015,2051.31
10/07/2015,2076.62
13/07/2015,2099.6
14/07/2015,2108.95
15/07/2015,2107.4
16/07/2015,2124.29
17/07/2015,2126.64
20/07/2015,2128.28
21/07/2015,2119.21
22/07/2015,2114.15
23/07/2015,2102.15
24/07/2015,2079.65
27/07/2015,2067.64
28/07/2015,2093.25
29/07/2015,2108.57
30/07/2015,2108.63
31/07/2015,2103.84
03/08/2015,2098.04
04/08/2015,2093.32
05/08/2015,2099.84
06/08/2015,2083.56
07/08/2015,2077.57
10/08/2015,2104.18
11/08/2015,2084.07
12/08/2015,2086.05
13/08/2015,2083.39
14/08/2015,2091.54
17/08/2015,2102.44
18/08/2015,2096.92
19/08/2015,2079.61
20/08/2015,2035.73
21/08/2015,1970.89
24/08/2015,1893.21
25/08/2015,1867.61
26/08/2015,1940.51
27/08/2015,1987.66
28/08/2015,1988.87
31/08/2015,1972.18
01/09/2015,1913.85
02/09/2015,1948.86
03/09/2015,1951.13
04/09/2015,1921.22
07/09/2015,.
08/09/2015,1969.41
09/09/2015,1942.04
10/09/2015,1952.29
11/09/2015,1961.05
14/09/2015,1953.03
15/09/2015,1978.09
16/09/2015,1995.31
17/09/2015,1990.2
18/09/2015,1958.03
21/09/2015,1966.97
22/09/2015,1942.74
23/09/2015,1938.76
24/09/2015,1932.24
25/09/2015,1931.34
28/09/2015,1881.77
29/09/2015,1884.09
30/09/2015,1920.03
01/10/2015,1923.82
02/10/2015,1951.36
05/10/2015,1987.05
06/10/2015,1979.92
07/10/2015,1995.83
08/10/2015,2013.43
09/10/2015,2014.89
12/10/2015,2017.46
13/10/2015,2003.69
14/10/2015,1994.24
15/10/2015,2023.86
16/10/2015,2033.11
19/10/2015,2033.66
20/10/2015,2030.77
21/10/2015,2018.94
22/10/2015,2052.51
23/10/2015,2075.15
26/10/2015,2071.18
27/10/2015,2065.89
28/10/2015,2090.35
29/10/2015,2089.41
30/10/2015,2079.36
02/11/2015,2104.05
03/11/2015,2109.79
04/11/2015,2102.31
05/11/2015,2099.93
06/11/2015,2099.2
09/11/2015,2078.58
10/11/2015,2081.72
11/11/2015,2075
12/11/2015,2045.97
13/11/2015,2023.04
16/11/2015,2053.19
17/11/2015,2050.44
18/11/2015,2083.58
19/11/2015,2081.24
20/11/2015,2089.17
23/11/2015,2086.59
24/11/2015,2089.14
25/11/2015,2088.87
26/11/2015,.
27/11/2015,2090.11
30/11/2015,2080.41
01/12/2015,2102.63
02/12/2015,2079.51
03/12/2015,2049.62
04/12/2015,2091.69
07/12/2015,2077.07
08/12/2015,2063.59
09/12/2015,2047.62
10/12/2015,2052.23
11/12/2015,2012.37
14/12/2015,2021.94
15/12/2015,2043.41
16/12/2015,2073.07
17/12/2015,2041.89
18/12/2015,2005.55
21/12/2015,2021.15
22/12/2015,2038.97
23/12/2015,2064.29
24/12/2015,2060.99
25/12/2015,.
28/12/2015,2056.5
29/12/2015,2078.36
30/12/2015,2063.36
31/12/2015,2043.94
01/01/2016,.
04/01/2016,2012.66
05/01/2016,2016.71
06/01/2016,1990.26
07/01/2016,1943.09
08/01/2016,1922.03
11/01/2016,1923.67
12/01/2016,1938.68
13/01/2016,1890.28
14/01/2016,1921.84
15/01/2016,1880.33
18/01/2016,.
19/01/2016,1881.33
20/01/2016,1859.33
21/01/2016,1868.99
22/01/2016,1906.9
25/01/2016,1877.08
26/01/2016,1903.63
27/01/2016,1882.95
28/01/2016,1893.36
29/01/2016,1940.24
01/02/2016,1939.38
02/02/2016,1903.03
03/02/2016,1912.53
04/02/2016,1915.45
05/02/2016,1880.05
08/02/2016,1853.44
09/02/2016,1852.21
10/02/2016,1851.86
11/02/2016,1829.08
12/02/2016,1864.78
15/02/2016,.
16/02/2016,1895.58
17/02/2016,1926.82
18/02/2016,1917.83
19/02/2016,1917.78
22/02/2016,1945.5
23/02/2016,1921.27
24/02/2016,1929.8
25/02/2016,1951.7
26/02/2016,1948.05
29/02/2016,1932.23
01/03/2016,1978.35
02/03/2016,1986.45
03/03/2016,1993.4
04/03/2016,1999.99
07/03/2016,2001.76
08/03/2016,1979.26
09/03/2016,1989.26
10/03/2016,1989.57
11/03/2016,2022.19
14/03/2016,2019.64
15/03/2016,2015.93
16/03/2016,2027.22
17/03/2016,2040.59
18/03/2016,2049.58
21/03/2016,2051.6
22/03/2016,2049.8
23/03/2016,2036.71
24/03/2016,2035.94
25/03/2016,.
28/03/2016,2037.05
29/03/2016,2055.01
30/03/2016,2063.95
31/03/2016,2059.74
01/04/2016,2072.78
04/04/2016,2066.13
05/04/2016,2045.17
06/04/2016,2066.66
07/04/2016,2041.91
08/04/2016,2047.6
11/04/2016,2041.99
12/04/2016,2061.72
13/04/2016,2082.42
14/04/2016,2082.78
15/04/2016,2080.73
18/04/2016,2094.34
19/04/2016,2100.8
20/04/2016,2102.4
21/04/2016,2091.48
22/04/2016,2091.58
25/04/2016,2087.79
26/04/2016,2091.7
27/04/2016,2095.15
28/04/2016,2075.81
29/04/2016,2065.3
02/05/2016,2081.43
03/05/2016,2063.37
04/05/2016,2051.12
05/05/2016,2050.63
06/05/2016,2057.14
09/05/2016,2058.69
10/05/2016,2084.39
11/05/2016,2064.46
12/05/2016,2064.11
13/05/2016,2046.61
16/05/2016,2066.66
17/05/2016,2047.21
18/05/2016,2047.63
19/05/2016,2040.04
20/05/2016,2052.32
23/05/2016,2048.04
24/05/2016,2076.06
25/05/2016,2090.54
26/05/2016,2090.1
27/05/2016,2099.06
30/05/2016,.
31/05/2016,2096.96
01/06/2016,2099.33
02/06/2016,2105.26
03/06/2016,2099.13
06/06/2016,2109.41
07/06/2016,2112.13
08/06/2016,2119.12
09/06/2016,2115.48
10/06/2016,2096.07
13/06/2016,2079.06
14/06/2016,2075.32
15/06/2016,2071.5
16/06/2016,2077.99
17/06/2016,2071.22
20/06/2016,2083.25
21/06/2016,2088.9
22/06/2016,2085.45
23/06/2016,2113.32
24/06/2016,2037.41
27/06/2016,2000.54
28/06/2016,2036.09
29/06/2016,2070.77
30/06/2016,2098.86
01/07/2016,2102.95
04/07/2016,.
05/07/2016,2088.55
06/07/2016,2099.73
07/07/2016,2097.9
08/07/2016,2129.9
11/07/2016,2137.16
12/07/2016,2152.14
13/07/2016,2152.43
14/07/2016,2163.75
15/07/2016,2161.74
18/07/2016,2166.89
19/07/2016,2163.78
20/07/2016,2173.02
21/07/2016,2165.17
22/07/2016,2175.03
25/07/2016,2168.48
26/07/2016,2169.18
27/07/2016,2166.58
28/07/2016,2170.06
29/07/2016,2173.6
01/08/2016,2170.84
02/08/2016,2157.03
03/08/2016,2163.79
04/08/2016,2164.25
05/08/2016,2182.87
08/08/2016,2180.89
09/08/2016,2181.74
10/08/2016,2175.49
11/08/2016,2185.79
12/08/2016,2184.05
15/08/2016,2190.15
16/08/2016,2178.15
17/08/2016,2182.22
18/08/2016,2187.02
19/08/2016,2183.87
22/08/2016,2182.64
23/08/2016,2186.9
24/08/2016,2175.44
25/08/2016,2172.47
26/08/2016,2169.04
29/08/2016,2180.38
30/08/2016,2176.12
31/08/2016,2170.95
01/09/2016,2170.86
02/09/2016,2179.98
05/09/2016,.
06/09/2016,2186.48
07/09/2016,2186.16
08/09/2016,2181.3
09/09/2016,2127.81
12/09/2016,2159.04
13/09/2016,2127.02
14/09/2016,2125.77
15/09/2016,2147.26
16/09/2016,2139.16
19/09/2016,2139.12
20/09/2016,2139.76
21/09/2016,2163.12
22/09/2016,2177.18
23/09/2016,2164.69
26/09/2016,2146.1
27/09/2016,2159.93
28/09/2016,2171.37
29/09/2016,2151.13
30/09/2016,2168.27
03/10/2016,2161.2
04/10/2016,2150.49
05/10/2016,2159.73
06/10/2016,2160.77
07/10/2016,2153.74
10/10/2016,2163.66
11/10/2016,2136.73
12/10/2016,2139.18
13/10/2016,2132.55
14/10/2016,2132.98
17/10/2016,2126.5
18/10/2016,2139.6
19/10/2016,2144.29
20/10/2016,2141.34
21/10/2016,2141.16
24/10/2016,2151.33
25/10/2016,2143.16
26/10/2016,2139.43
27/10/2016,2133.04
28/10/2016,2126.41
31/10/2016,2126.15
01/11/2016,2111.72
02/11/2016,2097.94
03/11/2016,2088.66
04/11/2016,2085.18
07/11/2016,2131.52
08/11/2016,2139.56
09/11/2016,2163.26
10/11/2016,2167.48
11/11/2016,2164.45
14/11/2016,2164.2
15/11/2016,2180.39
16/11/2016,2176.94
17/11/2016,2187.12
18/11/2016,2181.9
21/11/2016,2198.18
22/11/2016,2202.94
23/11/2016,2204.72
24/11/2016,.
25/11/2016,2213.35
28/11/2016,2201.72
29/11/2016,2204.66
30/11/2016,2198.81
01/12/2016,2191.08
02/12/2016,2191.95
05/12/2016,2204.71
06/12/2016,2212.23
07/12/2016,2241.35
08/12/2016,2246.19
09/12/2016,2259.53
12/12/2016,2256.96
13/12/2016,2271.72
14/12/2016,2253.28
15/12/2016,2262.03
16/12/2016,2258.07
19/12/2016,2262.53
20/12/2016,2270.76
21/12/2016,2265.18
22/12/2016,2260.96
23/12/2016,2263.79
26/12/2016,.
27/12/2016,2268.88
28/12/2016,2249.92
29/12/2016,2249.26
30/12/2016,2238.83
02/01/2017,.
03/01/2017,2257.83
04/01/2017,2270.75
05/01/2017,2269
06/01/2017,2276.98
09/01/2017,2268.9
10/01/2017,2268.9
11/01/2017,2275.32
12/01/2017,2270.44
13/01/2017,2274.64
16/01/2017,.
17/01/2017,2267.89
18/01/2017,2271.89
19/01/2017,2263.69
20/01/2017,2271.31
23/01/2017,2265.2
24/01/2017,2280.07
25/01/2017,2298.37
26/01/2017,2296.68
27/01/2017,2294.69
30/01/2017,2280.9
31/01/2017,2278.87
01/02/2017,2279.55
02/02/2017,2280.85
03/02/2017,2297.42
06/02/2017,2292.56
07/02/2017,2293.08
08/02/2017,2294.67
09/02/2017,2307.87
10/02/2017,2316.1
13/02/2017,2328.25
14/02/2017,2337.58
15/02/2017,2349.25
16/02/2017,2347.22
17/02/2017,2351.16
20/02/2017,.
21/02/2017,2365.38
22/02/2017,2362.82
23/02/2017,2363.81
24/02/2017,2367.34
27/02/2017,2369.75
28/02/2017,2363.64
01/03/2017,2395.96
02/03/2017,2381.92
03/03/2017,2383.12
06/03/2017,2375.31
07/03/2017,2368.39
08/03/2017,2362.98
09/03/2017,2364.87
10/03/2017,2372.6
13/03/2017,2373.47
14/03/2017,2365.45
15/03/2017,2385.26
16/03/2017,2381.38
17/03/2017,2378.25
20/03/2017,2373.47
21/03/2017,2344.02
22/03/2017,2348.45
23/03/2017,2345.96
24/03/2017,2343.98
27/03/2017,2341.59
28/03/2017,2358.57
29/03/2017,2361.13
30/03/2017,2368.06
31/03/2017,2362.72
03/04/2017,2358.84
04/04/2017,2360.16
05/04/2017,2352.95
06/04/2017,2357.49
07/04/2017,2355.54
10/04/2017,2357.16
11/04/2017,2353.78
12/04/2017,2344.93
13/04/2017,2328.95
14/04/2017,.
17/04/2017,2349.01
18/04/2017,2342.19
19/04/2017,2338.17
20/04/2017,2355.84
21/04/2017,2348.69
24/04/2017,2374.15
25/04/2017,2388.61
26/04/2017,2387.45
27/04/2017,2388.77
28/04/2017,2384.2
01/05/2017,2388.33
02/05/2017,2391.17
03/05/2017,2388.13
04/05/2017,2389.52
05/05/2017,2399.29
08/05/2017,2399.38
09/05/2017,2396.92
10/05/2017,2399.63
11/05/2017,2394.44
12/05/2017,2390.9
15/05/2017,2402.32
16/05/2017,2400.67
17/05/2017,2357.03
18/05/2017,2365.72
19/05/2017,2381.73
22/05/2017,2394.02
23/05/2017,2398.42
24/05/2017,2404.39
25/05/2017,2415.07
26/05/2017,2415.82
29/05/2017,.
30/05/2017,2412.91
31/05/2017,2411.8
01/06/2017,2430.06
02/06/2017,2439.07
05/06/2017,2436.1
06/06/2017,2429.33
07/06/2017,2433.14
08/06/2017,2433.79
09/06/2017,2431.77
12/06/2017,2429.39
13/06/2017,2440.35
14/06/2017,2437.92
15/06/2017,2432.46
16/06/2017,2433.15
19/06/2017,2453.46
20/06/2017,2437.03
21/06/2017,2435.61
22/06/2017,2434.5
23/06/2017,2438.3
26/06/2017,2439.07
27/06/2017,2419.38
28/06/2017,2440.69
29/06/2017,2419.7
30/06/2017,2423.41
03/07/2017,2429.01
04/07/2017,.
05/07/2017,2432.54
06/07/2017,2409.75
07/07/2017,2425.18
10/07/2017,2427.43
11/07/2017,2425.53
12/07/2017,2443.25
13/07/2017,2447.83
14/07/2017,2459.27
17/07/2017,2459.14
18/07/2017,2460.61
19/07/2017,2473.83
20/07/2017,2473.45
21/07/2017,2472.54
